"SUBJECT","LOCATION","FREQUENCY","TIME","Unit Code","PowerCode Code","Reference Period Code","Value","Flag Codes"
"LOLITOAA","KOR","M","2000-01","IDX","0",,104.5602,
"LOLITOAA","KOR","M","2000-02","IDX","0",,104.0744,
"LOLITOAA","KOR","M","2000-03","IDX","0",,103.6126,
"LOLITOAA","KOR","M","2000-04","IDX","0",,103.2033,
"LOLITOAA","KOR","M","2000-05","IDX","0",,102.8155,
"LOLITOAA","KOR","M","2000-06","IDX","0",,102.4115,
"LOLITOAA","KOR","M","2000-07","IDX","0",,101.939,
"LOLITOAA","KOR","M","2000-08","IDX","0",,101.363,
"LOLITOAA","KOR","M","2000-09","IDX","0",,100.667,
"LOLITOAA","KOR","M","2000-10","IDX","0",,99.88611,
"LOLITOAA","KOR","M","2000-11","IDX","0",,99.0952,
"LOLITOAA","KOR","M","2000-12","IDX","0",,98.37554,
"LOLITOAA","KOR","M","2001-01","IDX","0",,97.78368,
"LOLITOAA","KOR","M","2001-02","IDX","0",,97.37314,
"LOLITOAA","KOR","M","2001-03","IDX","0",,97.16624,
"LOLITOAA","KOR","M","2001-04","IDX","0",,97.10679,
"LOLITOAA","KOR","M","2001-05","IDX","0",,97.13932,
"LOLITOAA","KOR","M","2001-06","IDX","0",,97.24905,
"LOLITOAA","KOR","M","2001-07","IDX","0",,97.46252,
"LOLITOAA","KOR","M","2001-08","IDX","0",,97.78284,
"LOLITOAA","KOR","M","2001-09","IDX","0",,98.21348,
"LOLITOAA","KOR","M","2001-10","IDX","0",,98.77706,
"LOLITOAA","KOR","M","2001-11","IDX","0",,99.46316,
"LOLITOAA","KOR","M","2001-12","IDX","0",,100.2121,
"LOLITOAA","KOR","M","2002-01","IDX","0",,100.9484,
"LOLITOAA","KOR","M","2002-02","IDX","0",,101.5953,
"LOLITOAA","KOR","M","2002-03","IDX","0",,102.086,
"LOLITOAA","KOR","M","2002-04","IDX","0",,102.3518,
"LOLITOAA","KOR","M","2002-05","IDX","0",,102.3921,
"LOLITOAA","KOR","M","2002-06","IDX","0",,102.2611,
"LOLITOAA","KOR","M","2002-07","IDX","0",,102.0325,
"LOLITOAA","KOR","M","2002-08","IDX","0",,101.7348,
"LOLITOAA","KOR","M","2002-09","IDX","0",,101.3958,
"LOLITOAA","KOR","M","2002-10","IDX","0",,101.0103,
"LOLITOAA","KOR","M","2002-11","IDX","0",,100.5691,
"LOLITOAA","KOR","M","2002-12","IDX","0",,100.0546,
"LOLITOAA","KOR","M","2003-01","IDX","0",,99.48544,
"LOLITOAA","KOR","M","2003-02","IDX","0",,98.95258,
"LOLITOAA","KOR","M","2003-03","IDX","0",,98.54265,
"LOLITOAA","KOR","M","2003-04","IDX","0",,98.30023,
"LOLITOAA","KOR","M","2003-05","IDX","0",,98.23922,
"LOLITOAA","KOR","M","2003-06","IDX","0",,98.35496,
"LOLITOAA","KOR","M","2003-07","IDX","0",,98.60952,
"LOLITOAA","KOR","M","2003-08","IDX","0",,98.94823,
"LOLITOAA","KOR","M","2003-09","IDX","0",,99.29958,
"LOLITOAA","KOR","M","2003-10","IDX","0",,99.61929,
"LOLITOAA","KOR","M","2003-11","IDX","0",,99.89191,
"LOLITOAA","KOR","M","2003-12","IDX","0",,100.1095,
"LOLITOAA","KOR","M","2004-01","IDX","0",,100.2676,
"LOLITOAA","KOR","M","2004-02","IDX","0",,100.355,
"LOLITOAA","KOR","M","2004-03","IDX","0",,100.3763,
"LOLITOAA","KOR","M","2004-04","IDX","0",,100.3612,
"LOLITOAA","KOR","M","2004-05","IDX","0",,100.3149,
"LOLITOAA","KOR","M","2004-06","IDX","0",,100.2598,
"LOLITOAA","KOR","M","2004-07","IDX","0",,100.208,
"LOLITOAA","KOR","M","2004-08","IDX","0",,100.1516,
"LOLITOAA","KOR","M","2004-09","IDX","0",,100.0849,
"LOLITOAA","KOR","M","2004-10","IDX","0",,100.0066,
"LOLITOAA","KOR","M","2004-11","IDX","0",,99.93584,
"LOLITOAA","KOR","M","2004-12","IDX","0",,99.89175,
"LOLITOAA","KOR","M","2005-01","IDX","0",,99.89729,
"LOLITOAA","KOR","M","2005-02","IDX","0",,99.94914,
"LOLITOAA","KOR","M","2005-03","IDX","0",,100.005,
"LOLITOAA","KOR","M","2005-04","IDX","0",,100.0491,
"LOLITOAA","KOR","M","2005-05","IDX","0",,100.113,
"LOLITOAA","KOR","M","2005-06","IDX","0",,100.2321,
"LOLITOAA","KOR","M","2005-07","IDX","0",,100.4118,
"LOLITOAA","KOR","M","2005-08","IDX","0",,100.6363,
"LOLITOAA","KOR","M","2005-09","IDX","0",,100.8665,
"LOLITOAA","KOR","M","2005-10","IDX","0",,101.067,
"LOLITOAA","KOR","M","2005-11","IDX","0",,101.1977,
"LOLITOAA","KOR","M","2005-12","IDX","0",,101.2336,
"LOLITOAA","KOR","M","2006-01","IDX","0",,101.1677,
"LOLITOAA","KOR","M","2006-02","IDX","0",,101.0208,
"LOLITOAA","KOR","M","2006-03","IDX","0",,100.8201,
"LOLITOAA","KOR","M","2006-04","IDX","0",,100.5985,
"LOLITOAA","KOR","M","2006-05","IDX","0",,100.3874,
"LOLITOAA","KOR","M","2006-06","IDX","0",,100.2313,
"LOLITOAA","KOR","M","2006-07","IDX","0",,100.1753,
"LOLITOAA","KOR","M","2006-08","IDX","0",,100.2187,
"LOLITOAA","KOR","M","2006-09","IDX","0",,100.301,
"LOLITOAA","KOR","M","2006-10","IDX","0",,100.3726,
"LOLITOAA","KOR","M","2006-11","IDX","0",,100.4094,
"LOLITOAA","KOR","M","2006-12","IDX","0",,100.4288,
"LOLITOAA","KOR","M","2007-01","IDX","0",,100.4637,
"LOLITOAA","KOR","M","2007-02","IDX","0",,100.5412,
"LOLITOAA","KOR","M","2007-03","IDX","0",,100.662,
"LOLITOAA","KOR","M","2007-04","IDX","0",,100.8325,
"LOLITOAA","KOR","M","2007-05","IDX","0",,101.03,
"LOLITOAA","KOR","M","2007-06","IDX","0",,101.2187,
"LOLITOAA","KOR","M","2007-07","IDX","0",,101.3504,
"LOLITOAA","KOR","M","2007-08","IDX","0",,101.3731,
"LOLITOAA","KOR","M","2007-09","IDX","0",,101.2711,
"LOLITOAA","KOR","M","2007-10","IDX","0",,101.0283,
"LOLITOAA","KOR","M","2007-11","IDX","0",,100.6556,
"LOLITOAA","KOR","M","2007-12","IDX","0",,100.1881,
"LOLITOAA","KOR","M","2008-01","IDX","0",,99.66741,
"LOLITOAA","KOR","M","2008-02","IDX","0",,99.13461,
"LOLITOAA","KOR","M","2008-03","IDX","0",,98.6207,
"LOLITOAA","KOR","M","2008-04","IDX","0",,98.13996,
"LOLITOAA","KOR","M","2008-05","IDX","0",,97.69785,
"LOLITOAA","KOR","M","2008-06","IDX","0",,97.29977,
"LOLITOAA","KOR","M","2008-07","IDX","0",,96.97797,
"LOLITOAA","KOR","M","2008-08","IDX","0",,96.73866,
"LOLITOAA","KOR","M","2008-09","IDX","0",,96.57893,
"LOLITOAA","KOR","M","2008-10","IDX","0",,96.53442,
"LOLITOAA","KOR","M","2008-11","IDX","0",,96.68316,
"LOLITOAA","KOR","M","2008-12","IDX","0",,97.07565,
"LOLITOAA","KOR","M","2009-01","IDX","0",,97.70613,
"LOLITOAA","KOR","M","2009-02","IDX","0",,98.51286,
"LOLITOAA","KOR","M","2009-03","IDX","0",,99.35973,
"LOLITOAA","KOR","M","2009-04","IDX","0",,100.1694,
"LOLITOAA","KOR","M","2009-05","IDX","0",,100.8811,
"LOLITOAA","KOR","M","2009-06","IDX","0",,101.4882,
"LOLITOAA","KOR","M","2009-07","IDX","0",,102.0003,
"LOLITOAA","KOR","M","2009-08","IDX","0",,102.4048,
"LOLITOAA","KOR","M","2009-09","IDX","0",,102.6826,
"LOLITOAA","KOR","M","2009-10","IDX","0",,102.8227,
"LOLITOAA","KOR","M","2009-11","IDX","0",,102.8489,
"LOLITOAA","KOR","M","2009-12","IDX","0",,102.7829,
"LOLITOAA","KOR","M","2010-01","IDX","0",,102.6446,
"LOLITOAA","KOR","M","2010-02","IDX","0",,102.4652,
"LOLITOAA","KOR","M","2010-03","IDX","0",,102.2764,
"LOLITOAA","KOR","M","2010-04","IDX","0",,102.0887,
"LOLITOAA","KOR","M","2010-05","IDX","0",,101.9,
"LOLITOAA","KOR","M","2010-06","IDX","0",,101.7036,
"LOLITOAA","KOR","M","2010-07","IDX","0",,101.4927,
"LOLITOAA","KOR","M","2010-08","IDX","0",,101.2784,
"LOLITOAA","KOR","M","2010-09","IDX","0",,101.0778,
"LOLITOAA","KOR","M","2010-10","IDX","0",,100.9214,
"LOLITOAA","KOR","M","2010-11","IDX","0",,100.838,
"LOLITOAA","KOR","M","2010-12","IDX","0",,100.8216,
"LOLITOAA","KOR","M","2011-01","IDX","0",,100.8389,
"LOLITOAA","KOR","M","2011-02","IDX","0",,100.8178,
"LOLITOAA","KOR","M","2011-03","IDX","0",,100.7093,
"LOLITOAA","KOR","M","2011-04","IDX","0",,100.5179,
"LOLITOAA","KOR","M","2011-05","IDX","0",,100.2547,
"LOLITOAA","KOR","M","2011-06","IDX","0",,99.94382,
"LOLITOAA","KOR","M","2011-07","IDX","0",,99.61504,
"LOLITOAA","KOR","M","2011-08","IDX","0",,99.27899,
"LOLITOAA","KOR","M","2011-09","IDX","0",,98.96187,
"LOLITOAA","KOR","M","2011-10","IDX","0",,98.68668,
"LOLITOAA","KOR","M","2011-11","IDX","0",,98.48441,
"LOLITOAA","KOR","M","2011-12","IDX","0",,98.3932,
"LOLITOAA","KOR","M","2012-01","IDX","0",,98.41383,
"LOLITOAA","KOR","M","2012-02","IDX","0",,98.51215,
"LOLITOAA","KOR","M","2012-03","IDX","0",,98.63365,
"LOLITOAA","KOR","M","2012-04","IDX","0",,98.74795,
"LOLITOAA","KOR","M","2012-05","IDX","0",,98.82915,
"LOLITOAA","KOR","M","2012-06","IDX","0",,98.87394,
"LOLITOAA","KOR","M","2012-07","IDX","0",,98.88805,
"LOLITOAA","KOR","M","2012-08","IDX","0",,98.90054,
"LOLITOAA","KOR","M","2012-09","IDX","0",,98.92895,
"LOLITOAA","KOR","M","2012-10","IDX","0",,98.96936,
"LOLITOAA","KOR","M","2012-11","IDX","0",,99.02409,
"LOLITOAA","KOR","M","2012-12","IDX","0",,99.10219,
"LOLITOAA","KOR","M","2013-01","IDX","0",,99.19582,
"LOLITOAA","KOR","M","2013-02","IDX","0",,99.31612,
"LOLITOAA","KOR","M","2013-03","IDX","0",,99.46874,
"LOLITOAA","KOR","M","2013-04","IDX","0",,99.61792,
"LOLITOAA","KOR","M","2013-05","IDX","0",,99.73315,
"LOLITOAA","KOR","M","2013-06","IDX","0",,99.7951,
"LOLITOAA","KOR","M","2013-07","IDX","0",,99.79958,
"LOLITOAA","KOR","M","2013-08","IDX","0",,99.77156,
"LOLITOAA","KOR","M","2013-09","IDX","0",,99.72223,
"LOLITOAA","KOR","M","2013-10","IDX","0",,99.67814,
"LOLITOAA","KOR","M","2013-11","IDX","0",,99.65122,
"LOLITOAA","KOR","M","2013-12","IDX","0",,99.64307,
"LOLITOAA","KOR","M","2014-01","IDX","0",,99.64109,
"LOLITOAA","KOR","M","2014-02","IDX","0",,99.62833,
"LOLITOAA","KOR","M","2014-03","IDX","0",,99.59996,
"LOLITOAA","KOR","M","2014-04","IDX","0",,99.55865,
"LOLITOAA","KOR","M","2014-05","IDX","0",,99.51785,
"LOLITOAA","KOR","M","2014-06","IDX","0",,99.50198,
"LOLITOAA","KOR","M","2014-07","IDX","0",,99.53526,
"LOLITOAA","KOR","M","2014-08","IDX","0",,99.6276,
"LOLITOAA","KOR","M","2014-09","IDX","0",,99.77055,
"LOLITOAA","KOR","M","2014-10","IDX","0",,99.95097,
"LOLITOAA","KOR","M","2014-11","IDX","0",,100.1481,
"LOLITOAA","KOR","M","2014-12","IDX","0",,100.3209,
"LOLITOAA","KOR","M","2015-01","IDX","0",,100.4381,
"LOLITOAA","KOR","M","2015-02","IDX","0",,100.5048,
"LOLITOAA","KOR","M","2015-03","IDX","0",,100.5311,
"LOLITOAA","KOR","M","2015-04","IDX","0",,100.5261,
"LOLITOAA","KOR","M","2015-05","IDX","0",,100.4993,
"LOLITOAA","KOR","M","2015-06","IDX","0",,100.4671,
"LOLITOAA","KOR","M","2015-07","IDX","0",,100.4598,
"LOLITOAA","KOR","M","2015-08","IDX","0",,100.4745,
"LOLITOAA","KOR","M","2015-09","IDX","0",,100.5067,
"LOLITOAA","KOR","M","2015-10","IDX","0",,100.5325,
"LOLITOAA","KOR","M","2015-11","IDX","0",,100.5356,
"LOLITOAA","KOR","M","2015-12","IDX","0",,100.5112,
"LOLITOAA","KOR","M","2016-01","IDX","0",,100.4777,
"LOLITOAA","KOR","M","2016-02","IDX","0",,100.4614,
"LOLITOAA","KOR","M","2016-03","IDX","0",,100.4761,
"LOLITOAA","KOR","M","2016-04","IDX","0",,100.5208,
"LOLITOAA","KOR","M","2016-05","IDX","0",,100.595,
"LOLITOAA","KOR","M","2016-06","IDX","0",,100.7026,
"LOLITOAA","KOR","M","2016-07","IDX","0",,100.8415,
"LOLITOAA","KOR","M","2016-08","IDX","0",,100.9997,
"LOLITOAA","KOR","M","2016-09","IDX","0",,101.1517,
"LOLITOAA","KOR","M","2016-10","IDX","0",,101.2823,
"LOLITOAA","KOR","M","2016-11","IDX","0",,101.4045,
"LOLITOAA","KOR","M","2016-12","IDX","0",,101.5268,
"LOLITOAA","KOR","M","2017-01","IDX","0",,101.6436,
"LOLITOAA","KOR","M","2017-02","IDX","0",,101.7402,
"LOLITOAA","KOR","M","2017-03","IDX","0",,101.801,
"LOLITOAA","KOR","M","2017-04","IDX","0",,101.8204,
"LOLITOAA","KOR","M","2017-05","IDX","0",,101.7977,
"LOLITOAA","KOR","M","2017-06","IDX","0",,101.7452,
"LOLITOAA","KOR","M","2017-07","IDX","0",,101.6617,
"LOLITOAA","KOR","M","2017-08","IDX","0",,101.5472,
"LOLITOAA","KOR","M","2017-09","IDX","0",,101.4011,
"LOLITOAA","KOR","M","2017-10","IDX","0",,101.2229,
"LOLITOAA","KOR","M","2017-11","IDX","0",,101.0061,
"LOLITOAA","KOR","M","2017-12","IDX","0",,100.7644,
"LOLITOAA","KOR","M","2018-01","IDX","0",,100.5387,
"LOLITOAA","KOR","M","2018-02","IDX","0",,100.3444,
"LOLITOAA","KOR","M","2018-03","IDX","0",,100.1778,
"LOLITOAA","KOR","M","2018-04","IDX","0",,100.0459,
"LOLITOAA","KOR","M","2018-05","IDX","0",,99.93706,
"LOLITOAA","KOR","M","2018-06","IDX","0",,99.83688,
"LOLITOAA","KOR","M","2018-07","IDX","0",,99.75288,
"LOLITOAA","KOR","M","2018-08","IDX","0",,99.68052,
"LOLITOAA","KOR","M","2018-09","IDX","0",,99.60535,
"LOLITOAA","KOR","M","2018-10","IDX","0",,99.52036,
"LOLITOAA","KOR","M","2018-11","IDX","0",,99.43235,
"LOLITOAA","KOR","M","2018-12","IDX","0",,99.34715,
"LOLITOAA","KOR","M","2019-01","IDX","0",,99.26042,
"LOLITOAA","KOR","M","2019-02","IDX","0",,99.16803,
"LOLITOAA","KOR","M","2019-03","IDX","0",,99.05871,
"LOLITOAA","KOR","M","2019-04","IDX","0",,98.93271,
"LOLITOAA","KOR","M","2019-05","IDX","0",,98.81268,
"LOLITOAA","KOR","M","2019-06","IDX","0",,98.71584,
"LOLITOAA","KOR","M","2019-07","IDX","0",,98.63933,
"LOLITOAA","KOR","M","2019-08","IDX","0",,98.59964,
"LOLITOAA","KOR","M","2019-09","IDX","0",,98.60482,
"LOLITOAA","KOR","M","2019-10","IDX","0",,98.66209,
"LOLITOAA","KOR","M","2019-11","IDX","0",,98.75225,
"LOLITOAA","KOR","M","2019-12","IDX","0",,98.83833,
"LOLITOAA","KOR","M","2020-01","IDX","0",,98.88432,
"LOLITOAA","KOR","M","2020-02","IDX","0",,98.89029,
"LOLITOAA","KOR","M","2020-03","IDX","0",,98.87843,
"LOLITOAA","KOR","M","2020-04","IDX","0",,98.89505,
"LOLITOAA","KOR","M","2020-05","IDX","0",,98.96783,
"LOLITOAA","KOR","M","2020-06","IDX","0",,99.13239,
"LOLITOAA","KOR","M","2020-07","IDX","0",,99.38464,
"LOLITOAA","KOR","M","2020-08","IDX","0",,99.6918,
"LOLITOAA","KOR","M","2020-09","IDX","0",,100.0192,
"LOLITOAA","KOR","M","2020-10","IDX","0",,100.3338,
"LOLITOAA","KOR","M","2020-11","IDX","0",,100.6234,
"LOLITOAA","KOR","M","2020-12","IDX","0",,100.8893,
"LOLITOAA","KOR","M","2021-01","IDX","0",,101.1523,
"LOLITOAA","KOR","M","2021-02","IDX","0",,101.3998,
"LOLITOAA","KOR","M","2021-03","IDX","0",,101.6167,
"LOLITOAA","KOR","M","2021-04","IDX","0",,101.7705,
"LOLITOAA","KOR","M","2021-05","IDX","0",,101.816,
"LOLITOAA","KOR","M","2021-06","IDX","0",,101.7399,
"LOLITOAA","KOR","M","2021-07","IDX","0",,101.5535,
"LOLITOAA","KOR","M","2021-08","IDX","0",,101.2789,
"LOLITOAA","KOR","M","2021-09","IDX","0",,100.9425,
"LOLITOAA","KOR","M","2021-10","IDX","0",,100.5934,
"LOLITOAA","KOR","M","2021-11","IDX","0",,100.2757,
"LOLITOAA","KOR","M","2021-12","IDX","0",,99.99874,
"LOLITOAA","KOR","M","2022-01","IDX","0",,99.75789,
"LOLITOAA","KOR","M","2022-02","IDX","0",,99.54153,
"LOLITOAA","KOR","M","2022-03","IDX","0",,99.34025,
"LOLITOAA","KOR","M","2022-04","IDX","0",,99.14754,
"LOLITOAA","USA","M","2000-01","IDX","0",,101.3953,
"LOLITOAA","USA","M","2000-02","IDX","0",,101.3298,
"LOLITOAA","USA","M","2000-03","IDX","0",,101.2315,
"LOLITOAA","USA","M","2000-04","IDX","0",,101.11,
"LOLITOAA","USA","M","2000-05","IDX","0",,100.96,
"LOLITOAA","USA","M","2000-06","IDX","0",,100.7906,
"LOLITOAA","USA","M","2000-07","IDX","0",,100.6028,
"LOLITOAA","USA","M","2000-08","IDX","0",,100.3819,
"LOLITOAA","USA","M","2000-09","IDX","0",,100.1248,
"LOLITOAA","USA","M","2000-10","IDX","0",,99.81455,
"LOLITOAA","USA","M","2000-11","IDX","0",,99.46094,
"LOLITOAA","USA","M","2000-12","IDX","0",,99.07918,
"LOLITOAA","USA","M","2001-01","IDX","0",,98.72934,
"LOLITOAA","USA","M","2001-02","IDX","0",,98.46049,
"LOLITOAA","USA","M","2001-03","IDX","0",,98.2868,
"LOLITOAA","USA","M","2001-04","IDX","0",,98.19991,
"LOLITOAA","USA","M","2001-05","IDX","0",,98.17339,
"LOLITOAA","USA","M","2001-06","IDX","0",,98.15052,
"LOLITOAA","USA","M","2001-07","IDX","0",,98.10569,
"LOLITOAA","USA","M","2001-08","IDX","0",,98.04189,
"LOLITOAA","USA","M","2001-09","IDX","0",,98.00101,
"LOLITOAA","USA","M","2001-10","IDX","0",,98.05522,
"LOLITOAA","USA","M","2001-11","IDX","0",,98.23116,
"LOLITOAA","USA","M","2001-12","IDX","0",,98.50665,
"LOLITOAA","USA","M","2002-01","IDX","0",,98.82489,
"LOLITOAA","USA","M","2002-02","IDX","0",,99.12585,
"LOLITOAA","USA","M","2002-03","IDX","0",,99.3518,
"LOLITOAA","USA","M","2002-04","IDX","0",,99.44518,
"LOLITOAA","USA","M","2002-05","IDX","0",,99.38594,
"LOLITOAA","USA","M","2002-06","IDX","0",,99.18291,
"LOLITOAA","USA","M","2002-07","IDX","0",,98.89056,
"LOLITOAA","USA","M","2002-08","IDX","0",,98.57841,
"LOLITOAA","USA","M","2002-09","IDX","0",,98.28885,
"LOLITOAA","USA","M","2002-10","IDX","0",,98.06087,
"LOLITOAA","USA","M","2002-11","IDX","0",,97.91023,
"LOLITOAA","USA","M","2002-12","IDX","0",,97.80914,
"LOLITOAA","USA","M","2003-01","IDX","0",,97.73553,
"LOLITOAA","USA","M","2003-02","IDX","0",,97.7009,
"LOLITOAA","USA","M","2003-03","IDX","0",,97.73885,
"LOLITOAA","USA","M","2003-04","IDX","0",,97.87727,
"LOLITOAA","USA","M","2003-05","IDX","0",,98.10921,
"LOLITOAA","USA","M","2003-06","IDX","0",,98.40655,
"LOLITOAA","USA","M","2003-07","IDX","0",,98.75435,
"LOLITOAA","USA","M","2003-08","IDX","0",,99.14119,
"LOLITOAA","USA","M","2003-09","IDX","0",,99.55515,
"LOLITOAA","USA","M","2003-10","IDX","0",,99.97459,
"LOLITOAA","USA","M","2003-11","IDX","0",,100.3655,
"LOLITOAA","USA","M","2003-12","IDX","0",,100.6934,
"LOLITOAA","USA","M","2004-01","IDX","0",,100.9404,
"LOLITOAA","USA","M","2004-02","IDX","0",,101.0881,
"LOLITOAA","USA","M","2004-03","IDX","0",,101.1563,
"LOLITOAA","USA","M","2004-04","IDX","0",,101.1581,
"LOLITOAA","USA","M","2004-05","IDX","0",,101.1142,
"LOLITOAA","USA","M","2004-06","IDX","0",,101.0344,
"LOLITOAA","USA","M","2004-07","IDX","0",,100.9249,
"LOLITOAA","USA","M","2004-08","IDX","0",,100.8025,
"LOLITOAA","USA","M","2004-09","IDX","0",,100.695,
"LOLITOAA","USA","M","2004-10","IDX","0",,100.6218,
"LOLITOAA","USA","M","2004-11","IDX","0",,100.5918,
"LOLITOAA","USA","M","2004-12","IDX","0",,100.5776,
"LOLITOAA","USA","M","2005-01","IDX","0",,100.5418,
"LOLITOAA","USA","M","2005-02","IDX","0",,100.4774,
"LOLITOAA","USA","M","2005-03","IDX","0",,100.396,
"LOLITOAA","USA","M","2005-04","IDX","0",,100.3347,
"LOLITOAA","USA","M","2005-05","IDX","0",,100.3201,
"LOLITOAA","USA","M","2005-06","IDX","0",,100.35,
"LOLITOAA","USA","M","2005-07","IDX","0",,100.3983,
"LOLITOAA","USA","M","2005-08","IDX","0",,100.4682,
"LOLITOAA","USA","M","2005-09","IDX","0",,100.575,
"LOLITOAA","USA","M","2005-10","IDX","0",,100.7315,
"LOLITOAA","USA","M","2005-11","IDX","0",,100.923,
"LOLITOAA","USA","M","2005-12","IDX","0",,101.108,
"LOLITOAA","USA","M","2006-01","IDX","0",,101.253,
"LOLITOAA","USA","M","2006-02","IDX","0",,101.3462,
"LOLITOAA","USA","M","2006-03","IDX","0",,101.3796,
"LOLITOAA","USA","M","2006-04","IDX","0",,101.3523,
"LOLITOAA","USA","M","2006-05","IDX","0",,101.2897,
"LOLITOAA","USA","M","2006-06","IDX","0",,101.2304,
"LOLITOAA","USA","M","2006-07","IDX","0",,101.1959,
"LOLITOAA","USA","M","2006-08","IDX","0",,101.2069,
"LOLITOAA","USA","M","2006-09","IDX","0",,101.2722,
"LOLITOAA","USA","M","2006-10","IDX","0",,101.3707,
"LOLITOAA","USA","M","2006-11","IDX","0",,101.4853,
"LOLITOAA","USA","M","2006-12","IDX","0",,101.6084,
"LOLITOAA","USA","M","2007-01","IDX","0",,101.7286,
"LOLITOAA","USA","M","2007-02","IDX","0",,101.8471,
"LOLITOAA","USA","M","2007-03","IDX","0",,101.9709,
"LOLITOAA","USA","M","2007-04","IDX","0",,102.0894,
"LOLITOAA","USA","M","2007-05","IDX","0",,102.1787,
"LOLITOAA","USA","M","2007-06","IDX","0",,102.2213,
"LOLITOAA","USA","M","2007-07","IDX","0",,102.2027,
"LOLITOAA","USA","M","2007-08","IDX","0",,102.1209,
"LOLITOAA","USA","M","2007-09","IDX","0",,102.0055,
"LOLITOAA","USA","M","2007-10","IDX","0",,101.8779,
"LOLITOAA","USA","M","2007-11","IDX","0",,101.7437,
"LOLITOAA","USA","M","2007-12","IDX","0",,101.6152,
"LOLITOAA","USA","M","2008-01","IDX","0",,101.4814,
"LOLITOAA","USA","M","2008-02","IDX","0",,101.3281,
"LOLITOAA","USA","M","2008-03","IDX","0",,101.1555,
"LOLITOAA","USA","M","2008-04","IDX","0",,100.9424,
"LOLITOAA","USA","M","2008-05","IDX","0",,100.6582,
"LOLITOAA","USA","M","2008-06","IDX","0",,100.2592,
"LOLITOAA","USA","M","2008-07","IDX","0",,99.71166,
"LOLITOAA","USA","M","2008-08","IDX","0",,99.00082,
"LOLITOAA","USA","M","2008-09","IDX","0",,98.14126,
"LOLITOAA","USA","M","2008-10","IDX","0",,97.19701,
"LOLITOAA","USA","M","2008-11","IDX","0",,96.29475,
"LOLITOAA","USA","M","2008-12","IDX","0",,95.53822,
"LOLITOAA","USA","M","2009-01","IDX","0",,94.99268,
"LOLITOAA","USA","M","2009-02","IDX","0",,94.69584,
"LOLITOAA","USA","M","2009-03","IDX","0",,94.66498,
"LOLITOAA","USA","M","2009-04","IDX","0",,94.88721,
"LOLITOAA","USA","M","2009-05","IDX","0",,95.28821,
"LOLITOAA","USA","M","2009-06","IDX","0",,95.79684,
"LOLITOAA","USA","M","2009-07","IDX","0",,96.35055,
"LOLITOAA","USA","M","2009-08","IDX","0",,96.90929,
"LOLITOAA","USA","M","2009-09","IDX","0",,97.44329,
"LOLITOAA","USA","M","2009-10","IDX","0",,97.9364,
"LOLITOAA","USA","M","2009-11","IDX","0",,98.38863,
"LOLITOAA","USA","M","2009-12","IDX","0",,98.80433,
"LOLITOAA","USA","M","2010-01","IDX","0",,99.16388,
"LOLITOAA","USA","M","2010-02","IDX","0",,99.43394,
"LOLITOAA","USA","M","2010-03","IDX","0",,99.6159,
"LOLITOAA","USA","M","2010-04","IDX","0",,99.69128,
"LOLITOAA","USA","M","2010-05","IDX","0",,99.67028,
"LOLITOAA","USA","M","2010-06","IDX","0",,99.59365,
"LOLITOAA","USA","M","2010-07","IDX","0",,99.52773,
"LOLITOAA","USA","M","2010-08","IDX","0",,99.52431,
"LOLITOAA","USA","M","2010-09","IDX","0",,99.59496,
"LOLITOAA","USA","M","2010-10","IDX","0",,99.72469,
"LOLITOAA","USA","M","2010-11","IDX","0",,99.906,
"LOLITOAA","USA","M","2010-12","IDX","0",,100.0986,
"LOLITOAA","USA","M","2011-01","IDX","0",,100.2598,
"LOLITOAA","USA","M","2011-02","IDX","0",,100.3531,
"LOLITOAA","USA","M","2011-03","IDX","0",,100.3421,
"LOLITOAA","USA","M","2011-04","IDX","0",,100.2256,
"LOLITOAA","USA","M","2011-05","IDX","0",,100.0176,
"LOLITOAA","USA","M","2011-06","IDX","0",,99.73845,
"LOLITOAA","USA","M","2011-07","IDX","0",,99.43954,
"LOLITOAA","USA","M","2011-08","IDX","0",,99.18961,
"LOLITOAA","USA","M","2011-09","IDX","0",,99.05982,
"LOLITOAA","USA","M","2011-10","IDX","0",,99.08298,
"LOLITOAA","USA","M","2011-11","IDX","0",,99.23521,
"LOLITOAA","USA","M","2011-12","IDX","0",,99.46138,
"LOLITOAA","USA","M","2012-01","IDX","0",,99.68711,
"LOLITOAA","USA","M","2012-02","IDX","0",,99.84805,
"LOLITOAA","USA","M","2012-03","IDX","0",,99.91734,
"LOLITOAA","USA","M","2012-04","IDX","0",,99.89857,
"LOLITOAA","USA","M","2012-05","IDX","0",,99.81327,
"LOLITOAA","USA","M","2012-06","IDX","0",,99.70155,
"LOLITOAA","USA","M","2012-07","IDX","0",,99.61653,
"LOLITOAA","USA","M","2012-08","IDX","0",,99.5836,
"LOLITOAA","USA","M","2012-09","IDX","0",,99.61578,
"LOLITOAA","USA","M","2012-10","IDX","0",,99.68896,
"LOLITOAA","USA","M","2012-11","IDX","0",,99.78637,
"LOLITOAA","USA","M","2012-12","IDX","0",,99.91251,
"LOLITOAA","USA","M","2013-01","IDX","0",,100.0588,
"LOLITOAA","USA","M","2013-02","IDX","0",,100.2073,
"LOLITOAA","USA","M","2013-03","IDX","0",,100.3347,
"LOLITOAA","USA","M","2013-04","IDX","0",,100.4549,
"LOLITOAA","USA","M","2013-05","IDX","0",,100.5738,
"LOLITOAA","USA","M","2013-06","IDX","0",,100.6683,
"LOLITOAA","USA","M","2013-07","IDX","0",,100.7245,
"LOLITOAA","USA","M","2013-08","IDX","0",,100.7537,
"LOLITOAA","USA","M","2013-09","IDX","0",,100.7647,
"LOLITOAA","USA","M","2013-10","IDX","0",,100.7665,
"LOLITOAA","USA","M","2013-11","IDX","0",,100.7678,
"LOLITOAA","USA","M","2013-12","IDX","0",,100.7589,
"LOLITOAA","USA","M","2014-01","IDX","0",,100.7445,
"LOLITOAA","USA","M","2014-02","IDX","0",,100.7576,
"LOLITOAA","USA","M","2014-03","IDX","0",,100.8015,
"LOLITOAA","USA","M","2014-04","IDX","0",,100.8587,
"LOLITOAA","USA","M","2014-05","IDX","0",,100.9132,
"LOLITOAA","USA","M","2014-06","IDX","0",,100.9598,
"LOLITOAA","USA","M","2014-07","IDX","0",,100.9893,
"LOLITOAA","USA","M","2014-08","IDX","0",,101.0042,
"LOLITOAA","USA","M","2014-09","IDX","0",,101.0033,
"LOLITOAA","USA","M","2014-10","IDX","0",,100.9752,
"LOLITOAA","USA","M","2014-11","IDX","0",,100.9238,
"LOLITOAA","USA","M","2014-12","IDX","0",,100.8451,
"LOLITOAA","USA","M","2015-01","IDX","0",,100.7455,
"LOLITOAA","USA","M","2015-02","IDX","0",,100.6371,
"LOLITOAA","USA","M","2015-03","IDX","0",,100.5294,
"LOLITOAA","USA","M","2015-04","IDX","0",,100.4254,
"LOLITOAA","USA","M","2015-05","IDX","0",,100.3156,
"LOLITOAA","USA","M","2015-06","IDX","0",,100.1945,
"LOLITOAA","USA","M","2015-07","IDX","0",,100.0329,
"LOLITOAA","USA","M","2015-08","IDX","0",,99.84364,
"LOLITOAA","USA","M","2015-09","IDX","0",,99.65855,
"LOLITOAA","USA","M","2015-10","IDX","0",,99.50788,
"LOLITOAA","USA","M","2015-11","IDX","0",,99.3832,
"LOLITOAA","USA","M","2015-12","IDX","0",,99.27185,
"LOLITOAA","USA","M","2016-01","IDX","0",,99.17865,
"LOLITOAA","USA","M","2016-02","IDX","0",,99.11655,
"LOLITOAA","USA","M","2016-03","IDX","0",,99.09569,
"LOLITOAA","USA","M","2016-04","IDX","0",,99.10058,
"LOLITOAA","USA","M","2016-05","IDX","0",,99.11667,
"LOLITOAA","USA","M","2016-06","IDX","0",,99.13175,
"LOLITOAA","USA","M","2016-07","IDX","0",,99.15694,
"LOLITOAA","USA","M","2016-08","IDX","0",,99.20707,
"LOLITOAA","USA","M","2016-09","IDX","0",,99.29433,
"LOLITOAA","USA","M","2016-10","IDX","0",,99.41796,
"LOLITOAA","USA","M","2016-11","IDX","0",,99.55742,
"LOLITOAA","USA","M","2016-12","IDX","0",,99.69236,
"LOLITOAA","USA","M","2017-01","IDX","0",,99.79878,
"LOLITOAA","USA","M","2017-02","IDX","0",,99.86906,
"LOLITOAA","USA","M","2017-03","IDX","0",,99.90939,
"LOLITOAA","USA","M","2017-04","IDX","0",,99.93367,
"LOLITOAA","USA","M","2017-05","IDX","0",,99.96219,
"LOLITOAA","USA","M","2017-06","IDX","0",,100.0035,
"LOLITOAA","USA","M","2017-07","IDX","0",,100.0545,
"LOLITOAA","USA","M","2017-08","IDX","0",,100.1328,
"LOLITOAA","USA","M","2017-09","IDX","0",,100.2309,
"LOLITOAA","USA","M","2017-10","IDX","0",,100.3356,
"LOLITOAA","USA","M","2017-11","IDX","0",,100.4323,
"LOLITOAA","USA","M","2017-12","IDX","0",,100.5223,
"LOLITOAA","USA","M","2018-01","IDX","0",,100.6176,
"LOLITOAA","USA","M","2018-02","IDX","0",,100.7134,
"LOLITOAA","USA","M","2018-03","IDX","0",,100.7801,
"LOLITOAA","USA","M","2018-04","IDX","0",,100.807,
"LOLITOAA","USA","M","2018-05","IDX","0",,100.8016,
"LOLITOAA","USA","M","2018-06","IDX","0",,100.7702,
"LOLITOAA","USA","M","2018-07","IDX","0",,100.7148,
"LOLITOAA","USA","M","2018-08","IDX","0",,100.633,
"LOLITOAA","USA","M","2018-09","IDX","0",,100.5047,
"LOLITOAA","USA","M","2018-10","IDX","0",,100.3311,
"LOLITOAA","USA","M","2018-11","IDX","0",,100.1378,
"LOLITOAA","USA","M","2018-12","IDX","0",,99.95415,
"LOLITOAA","USA","M","2019-01","IDX","0",,99.80085,
"LOLITOAA","USA","M","2019-02","IDX","0",,99.68435,
"LOLITOAA","USA","M","2019-03","IDX","0",,99.59672,
"LOLITOAA","USA","M","2019-04","IDX","0",,99.50861,
"LOLITOAA","USA","M","2019-05","IDX","0",,99.41288,
"LOLITOAA","USA","M","2019-06","IDX","0",,99.3142,
"LOLITOAA","USA","M","2019-07","IDX","0",,99.21872,
"LOLITOAA","USA","M","2019-08","IDX","0",,99.13801,
"LOLITOAA","USA","M","2019-09","IDX","0",,99.1011,
"LOLITOAA","USA","M","2019-10","IDX","0",,99.09805,
"LOLITOAA","USA","M","2019-11","IDX","0",,99.10062,
"LOLITOAA","USA","M","2019-12","IDX","0",,99.08285,
"LOLITOAA","USA","M","2020-01","IDX","0",,99.01617,
"LOLITOAA","USA","M","2020-02","IDX","0",,98.88946,
"LOLITOAA","USA","M","2020-03","IDX","0",,97.05176,
"LOLITOAA","USA","M","2020-04","IDX","0",,92.23092,
"LOLITOAA","USA","M","2020-05","IDX","0",,93.77561,
"LOLITOAA","USA","M","2020-06","IDX","0",,95.71313,
"LOLITOAA","USA","M","2020-07","IDX","0",,97.2706,
"LOLITOAA","USA","M","2020-08","IDX","0",,97.93082,
"LOLITOAA","USA","M","2020-09","IDX","0",,98.19913,
"LOLITOAA","USA","M","2020-10","IDX","0",,98.53953,
"LOLITOAA","USA","M","2020-11","IDX","0",,98.91795,
"LOLITOAA","USA","M","2020-12","IDX","0",,99.31595,
"LOLITOAA","USA","M","2021-01","IDX","0",,99.66631,
"LOLITOAA","USA","M","2021-02","IDX","0",,100.0159,
"LOLITOAA","USA","M","2021-03","IDX","0",,100.3094,
"LOLITOAA","USA","M","2021-04","IDX","0",,100.5365,
"LOLITOAA","USA","M","2021-05","IDX","0",,100.5609,
"LOLITOAA","USA","M","2021-06","IDX","0",,100.5146,
"LOLITOAA","USA","M","2021-07","IDX","0",,100.4166,
"LOLITOAA","USA","M","2021-08","IDX","0",,100.2987,
"LOLITOAA","USA","M","2021-09","IDX","0",,100.1972,
"LOLITOAA","USA","M","2021-10","IDX","0",,100.1204,
"LOLITOAA","USA","M","2021-11","IDX","0",,100.07,
"LOLITOAA","USA","M","2021-12","IDX","0",,100.0382,
"LOLITOAA","USA","M","2022-01","IDX","0",,100.0239,
"LOLITOAA","USA","M","2022-02","IDX","0",,100.0371,
"LOLITOAA","USA","M","2022-03","IDX","0",,100.0779,
"LOLITOAA","USA","M","2022-04","IDX","0",,100.1464,
"LOLITOAA","G-7","M","2000-01","IDX","0",,101.3689,
"LOLITOAA","G-7","M","2000-02","IDX","0",,101.4002,
"LOLITOAA","G-7","M","2000-03","IDX","0",,101.4037,
"LOLITOAA","G-7","M","2000-04","IDX","0",,101.3802,
"LOLITOAA","G-7","M","2000-05","IDX","0",,101.3261,
"LOLITOAA","G-7","M","2000-06","IDX","0",,101.2476,
"LOLITOAA","G-7","M","2000-07","IDX","0",,101.1458,
"LOLITOAA","G-7","M","2000-08","IDX","0",,101.0128,
"LOLITOAA","G-7","M","2000-09","IDX","0",,100.8447,
"LOLITOAA","G-7","M","2000-10","IDX","0",,100.6345,
"LOLITOAA","G-7","M","2000-11","IDX","0",,100.3852,
"LOLITOAA","G-7","M","2000-12","IDX","0",,100.104,
"LOLITOAA","G-7","M","2001-01","IDX","0",,99.81741,
"LOLITOAA","G-7","M","2001-02","IDX","0",,99.55943,
"LOLITOAA","G-7","M","2001-03","IDX","0",,99.34409,
"LOLITOAA","G-7","M","2001-04","IDX","0",,99.17026,
"LOLITOAA","G-7","M","2001-05","IDX","0",,99.02793,
"LOLITOAA","G-7","M","2001-06","IDX","0",,98.88504,
"LOLITOAA","G-7","M","2001-07","IDX","0",,98.73392,
"LOLITOAA","G-7","M","2001-08","IDX","0",,98.58511,
"LOLITOAA","G-7","M","2001-09","IDX","0",,98.46996,
"LOLITOAA","G-7","M","2001-10","IDX","0",,98.44175,
"LOLITOAA","G-7","M","2001-11","IDX","0",,98.52361,
"LOLITOAA","G-7","M","2001-12","IDX","0",,98.70119,
"LOLITOAA","G-7","M","2002-01","IDX","0",,98.93379,
"LOLITOAA","G-7","M","2002-02","IDX","0",,99.1759,
"LOLITOAA","G-7","M","2002-03","IDX","0",,99.37754,
"LOLITOAA","G-7","M","2002-04","IDX","0",,99.49169,
"LOLITOAA","G-7","M","2002-05","IDX","0",,99.49671,
"LOLITOAA","G-7","M","2002-06","IDX","0",,99.39312,
"LOLITOAA","G-7","M","2002-07","IDX","0",,99.21759,
"LOLITOAA","G-7","M","2002-08","IDX","0",,99.01309,
"LOLITOAA","G-7","M","2002-09","IDX","0",,98.80698,
"LOLITOAA","G-7","M","2002-10","IDX","0",,98.62528,
"LOLITOAA","G-7","M","2002-11","IDX","0",,98.4828,
"LOLITOAA","G-7","M","2002-12","IDX","0",,98.36911,
"LOLITOAA","G-7","M","2003-01","IDX","0",,98.27821,
"LOLITOAA","G-7","M","2003-02","IDX","0",,98.21996,
"LOLITOAA","G-7","M","2003-03","IDX","0",,98.21909,
"LOLITOAA","G-7","M","2003-04","IDX","0",,98.2972,
"LOLITOAA","G-7","M","2003-05","IDX","0",,98.44882,
"LOLITOAA","G-7","M","2003-06","IDX","0",,98.65753,
"LOLITOAA","G-7","M","2003-07","IDX","0",,98.90839,
"LOLITOAA","G-7","M","2003-08","IDX","0",,99.19062,
"LOLITOAA","G-7","M","2003-09","IDX","0",,99.49251,
"LOLITOAA","G-7","M","2003-10","IDX","0",,99.79252,
"LOLITOAA","G-7","M","2003-11","IDX","0",,100.0658,
"LOLITOAA","G-7","M","2003-12","IDX","0",,100.2903,
"LOLITOAA","G-7","M","2004-01","IDX","0",,100.4566,
"LOLITOAA","G-7","M","2004-02","IDX","0",,100.5607,
"LOLITOAA","G-7","M","2004-03","IDX","0",,100.6159,
"LOLITOAA","G-7","M","2004-04","IDX","0",,100.6308,
"LOLITOAA","G-7","M","2004-05","IDX","0",,100.6189,
"LOLITOAA","G-7","M","2004-06","IDX","0",,100.5879,
"LOLITOAA","G-7","M","2004-07","IDX","0",,100.5397,
"LOLITOAA","G-7","M","2004-08","IDX","0",,100.4827,
"LOLITOAA","G-7","M","2004-09","IDX","0",,100.4328,
"LOLITOAA","G-7","M","2004-10","IDX","0",,100.3966,
"LOLITOAA","G-7","M","2004-11","IDX","0",,100.3761,
"LOLITOAA","G-7","M","2004-12","IDX","0",,100.3555,
"LOLITOAA","G-7","M","2005-01","IDX","0",,100.3141,
"LOLITOAA","G-7","M","2005-02","IDX","0",,100.2477,
"LOLITOAA","G-7","M","2005-03","IDX","0",,100.1686,
"LOLITOAA","G-7","M","2005-04","IDX","0",,100.1024,
"LOLITOAA","G-7","M","2005-05","IDX","0",,100.0733,
"LOLITOAA","G-7","M","2005-06","IDX","0",,100.0899,
"LOLITOAA","G-7","M","2005-07","IDX","0",,100.1416,
"LOLITOAA","G-7","M","2005-08","IDX","0",,100.2246,
"LOLITOAA","G-7","M","2005-09","IDX","0",,100.3436,
"LOLITOAA","G-7","M","2005-10","IDX","0",,100.501,
"LOLITOAA","G-7","M","2005-11","IDX","0",,100.6866,
"LOLITOAA","G-7","M","2005-12","IDX","0",,100.8745,
"LOLITOAA","G-7","M","2006-01","IDX","0",,101.0378,
"LOLITOAA","G-7","M","2006-02","IDX","0",,101.1628,
"LOLITOAA","G-7","M","2006-03","IDX","0",,101.2409,
"LOLITOAA","G-7","M","2006-04","IDX","0",,101.2722,
"LOLITOAA","G-7","M","2006-05","IDX","0",,101.2649,
"LOLITOAA","G-7","M","2006-06","IDX","0",,101.2479,
"LOLITOAA","G-7","M","2006-07","IDX","0",,101.2442,
"LOLITOAA","G-7","M","2006-08","IDX","0",,101.2748,
"LOLITOAA","G-7","M","2006-09","IDX","0",,101.3468,
"LOLITOAA","G-7","M","2006-10","IDX","0",,101.4483,
"LOLITOAA","G-7","M","2006-11","IDX","0",,101.5667,
"LOLITOAA","G-7","M","2006-12","IDX","0",,101.6921,
"LOLITOAA","G-7","M","2007-01","IDX","0",,101.8086,
"LOLITOAA","G-7","M","2007-02","IDX","0",,101.9151,
"LOLITOAA","G-7","M","2007-03","IDX","0",,102.0072,
"LOLITOAA","G-7","M","2007-04","IDX","0",,102.075,
"LOLITOAA","G-7","M","2007-05","IDX","0",,102.1035,
"LOLITOAA","G-7","M","2007-06","IDX","0",,102.0811,
"LOLITOAA","G-7","M","2007-07","IDX","0",,102.0067,
"LOLITOAA","G-7","M","2007-08","IDX","0",,101.8937,
"LOLITOAA","G-7","M","2007-09","IDX","0",,101.7712,
"LOLITOAA","G-7","M","2007-10","IDX","0",,101.653,
"LOLITOAA","G-7","M","2007-11","IDX","0",,101.5348,
"LOLITOAA","G-7","M","2007-12","IDX","0",,101.4186,
"LOLITOAA","G-7","M","2008-01","IDX","0",,101.2945,
"LOLITOAA","G-7","M","2008-02","IDX","0",,101.1497,
"LOLITOAA","G-7","M","2008-03","IDX","0",,100.9724,
"LOLITOAA","G-7","M","2008-04","IDX","0",,100.7418,
"LOLITOAA","G-7","M","2008-05","IDX","0",,100.4273,
"LOLITOAA","G-7","M","2008-06","IDX","0",,99.99892,
"LOLITOAA","G-7","M","2008-07","IDX","0",,99.44353,
"LOLITOAA","G-7","M","2008-08","IDX","0",,98.76328,
"LOLITOAA","G-7","M","2008-09","IDX","0",,97.9749,
"LOLITOAA","G-7","M","2008-10","IDX","0",,97.13129,
"LOLITOAA","G-7","M","2008-11","IDX","0",,96.33574,
"LOLITOAA","G-7","M","2008-12","IDX","0",,95.68232,
"LOLITOAA","G-7","M","2009-01","IDX","0",,95.23556,
"LOLITOAA","G-7","M","2009-02","IDX","0",,95.0328,
"LOLITOAA","G-7","M","2009-03","IDX","0",,95.08732,
"LOLITOAA","G-7","M","2009-04","IDX","0",,95.38121,
"LOLITOAA","G-7","M","2009-05","IDX","0",,95.84715,
"LOLITOAA","G-7","M","2009-06","IDX","0",,96.41627,
"LOLITOAA","G-7","M","2009-07","IDX","0",,97.02594,
"LOLITOAA","G-7","M","2009-08","IDX","0",,97.62905,
"LOLITOAA","G-7","M","2009-09","IDX","0",,98.19265,
"LOLITOAA","G-7","M","2009-10","IDX","0",,98.69022,
"LOLITOAA","G-7","M","2009-11","IDX","0",,99.11495,
"LOLITOAA","G-7","M","2009-12","IDX","0",,99.47118,
"LOLITOAA","G-7","M","2010-01","IDX","0",,99.75852,
"LOLITOAA","G-7","M","2010-02","IDX","0",,99.9715,
"LOLITOAA","G-7","M","2010-03","IDX","0",,100.1199,
"LOLITOAA","G-7","M","2010-04","IDX","0",,100.1977,
"LOLITOAA","G-7","M","2010-05","IDX","0",,100.2131,
"LOLITOAA","G-7","M","2010-06","IDX","0",,100.1987,
"LOLITOAA","G-7","M","2010-07","IDX","0",,100.1987,
"LOLITOAA","G-7","M","2010-08","IDX","0",,100.2444,
"LOLITOAA","G-7","M","2010-09","IDX","0",,100.3382,
"LOLITOAA","G-7","M","2010-10","IDX","0",,100.4683,
"LOLITOAA","G-7","M","2010-11","IDX","0",,100.6249,
"LOLITOAA","G-7","M","2010-12","IDX","0",,100.7766,
"LOLITOAA","G-7","M","2011-01","IDX","0",,100.8894,
"LOLITOAA","G-7","M","2011-02","IDX","0",,100.9338,
"LOLITOAA","G-7","M","2011-03","IDX","0",,100.8899,
"LOLITOAA","G-7","M","2011-04","IDX","0",,100.7617,
"LOLITOAA","G-7","M","2011-05","IDX","0",,100.5625,
"LOLITOAA","G-7","M","2011-06","IDX","0",,100.3083,
"LOLITOAA","G-7","M","2011-07","IDX","0",,100.0292,
"LOLITOAA","G-7","M","2011-08","IDX","0",,99.76537,
"LOLITOAA","G-7","M","2011-09","IDX","0",,99.56849,
"LOLITOAA","G-7","M","2011-10","IDX","0",,99.47161,
"LOLITOAA","G-7","M","2011-11","IDX","0",,99.46632,
"LOLITOAA","G-7","M","2011-12","IDX","0",,99.52283,
"LOLITOAA","G-7","M","2012-01","IDX","0",,99.59833,
"LOLITOAA","G-7","M","2012-02","IDX","0",,99.65031,
"LOLITOAA","G-7","M","2012-03","IDX","0",,99.65344,
"LOLITOAA","G-7","M","2012-04","IDX","0",,99.60046,
"LOLITOAA","G-7","M","2012-05","IDX","0",,99.50549,
"LOLITOAA","G-7","M","2012-06","IDX","0",,99.39462,
"LOLITOAA","G-7","M","2012-07","IDX","0",,99.30291,
"LOLITOAA","G-7","M","2012-08","IDX","0",,99.24773,
"LOLITOAA","G-7","M","2012-09","IDX","0",,99.23828,
"LOLITOAA","G-7","M","2012-10","IDX","0",,99.26814,
"LOLITOAA","G-7","M","2012-11","IDX","0",,99.33279,
"LOLITOAA","G-7","M","2012-12","IDX","0",,99.4336,
"LOLITOAA","G-7","M","2013-01","IDX","0",,99.56321,
"LOLITOAA","G-7","M","2013-02","IDX","0",,99.70883,
"LOLITOAA","G-7","M","2013-03","IDX","0",,99.84949,
"LOLITOAA","G-7","M","2013-04","IDX","0",,99.99115,
"LOLITOAA","G-7","M","2013-05","IDX","0",,100.1389,
"LOLITOAA","G-7","M","2013-06","IDX","0",,100.2797,
"LOLITOAA","G-7","M","2013-07","IDX","0",,100.4058,
"LOLITOAA","G-7","M","2013-08","IDX","0",,100.5173,
"LOLITOAA","G-7","M","2013-09","IDX","0",,100.6097,
"LOLITOAA","G-7","M","2013-10","IDX","0",,100.6777,
"LOLITOAA","G-7","M","2013-11","IDX","0",,100.7251,
"LOLITOAA","G-7","M","2013-12","IDX","0",,100.7461,
"LOLITOAA","G-7","M","2014-01","IDX","0",,100.7455,
"LOLITOAA","G-7","M","2014-02","IDX","0",,100.7403,
"LOLITOAA","G-7","M","2014-03","IDX","0",,100.7346,
"LOLITOAA","G-7","M","2014-04","IDX","0",,100.715,
"LOLITOAA","G-7","M","2014-05","IDX","0",,100.6792,
"LOLITOAA","G-7","M","2014-06","IDX","0",,100.6333,
"LOLITOAA","G-7","M","2014-07","IDX","0",,100.5801,
"LOLITOAA","G-7","M","2014-08","IDX","0",,100.5274,
"LOLITOAA","G-7","M","2014-09","IDX","0",,100.4819,
"LOLITOAA","G-7","M","2014-10","IDX","0",,100.4424,
"LOLITOAA","G-7","M","2014-11","IDX","0",,100.4141,
"LOLITOAA","G-7","M","2014-12","IDX","0",,100.3932,
"LOLITOAA","G-7","M","2015-01","IDX","0",,100.3804,
"LOLITOAA","G-7","M","2015-02","IDX","0",,100.3731,
"LOLITOAA","G-7","M","2015-03","IDX","0",,100.366,
"LOLITOAA","G-7","M","2015-04","IDX","0",,100.3519,
"LOLITOAA","G-7","M","2015-05","IDX","0",,100.319,
"LOLITOAA","G-7","M","2015-06","IDX","0",,100.2638,
"LOLITOAA","G-7","M","2015-07","IDX","0",,100.1708,
"LOLITOAA","G-7","M","2015-08","IDX","0",,100.0531,
"LOLITOAA","G-7","M","2015-09","IDX","0",,99.93197,
"LOLITOAA","G-7","M","2015-10","IDX","0",,99.82565,
"LOLITOAA","G-7","M","2015-11","IDX","0",,99.73101,
"LOLITOAA","G-7","M","2015-12","IDX","0",,99.64354,
"LOLITOAA","G-7","M","2016-01","IDX","0",,99.56979,
"LOLITOAA","G-7","M","2016-02","IDX","0",,99.51683,
"LOLITOAA","G-7","M","2016-03","IDX","0",,99.4909,
"LOLITOAA","G-7","M","2016-04","IDX","0",,99.48226,
"LOLITOAA","G-7","M","2016-05","IDX","0",,99.48247,
"LOLITOAA","G-7","M","2016-06","IDX","0",,99.48943,
"LOLITOAA","G-7","M","2016-07","IDX","0",,99.51235,
"LOLITOAA","G-7","M","2016-08","IDX","0",,99.56426,
"LOLITOAA","G-7","M","2016-09","IDX","0",,99.65379,
"LOLITOAA","G-7","M","2016-10","IDX","0",,99.77477,
"LOLITOAA","G-7","M","2016-11","IDX","0",,99.9103,
"LOLITOAA","G-7","M","2016-12","IDX","0",,100.0466,
"LOLITOAA","G-7","M","2017-01","IDX","0",,100.1645,
"LOLITOAA","G-7","M","2017-02","IDX","0",,100.259,
"LOLITOAA","G-7","M","2017-03","IDX","0",,100.3355,
"LOLITOAA","G-7","M","2017-04","IDX","0",,100.3993,
"LOLITOAA","G-7","M","2017-05","IDX","0",,100.459,
"LOLITOAA","G-7","M","2017-06","IDX","0",,100.5176,
"LOLITOAA","G-7","M","2017-07","IDX","0",,100.574,
"LOLITOAA","G-7","M","2017-08","IDX","0",,100.6389,
"LOLITOAA","G-7","M","2017-09","IDX","0",,100.709,
"LOLITOAA","G-7","M","2017-10","IDX","0",,100.7749,
"LOLITOAA","G-7","M","2017-11","IDX","0",,100.8275,
"LOLITOAA","G-7","M","2017-12","IDX","0",,100.8638,
"LOLITOAA","G-7","M","2018-01","IDX","0",,100.8862,
"LOLITOAA","G-7","M","2018-02","IDX","0",,100.898,
"LOLITOAA","G-7","M","2018-03","IDX","0",,100.8867,
"LOLITOAA","G-7","M","2018-04","IDX","0",,100.8503,
"LOLITOAA","G-7","M","2018-05","IDX","0",,100.7913,
"LOLITOAA","G-7","M","2018-06","IDX","0",,100.7074,
"LOLITOAA","G-7","M","2018-07","IDX","0",,100.5995,
"LOLITOAA","G-7","M","2018-08","IDX","0",,100.4689,
"LOLITOAA","G-7","M","2018-09","IDX","0",,100.31,
"LOLITOAA","G-7","M","2018-10","IDX","0",,100.1293,
"LOLITOAA","G-7","M","2018-11","IDX","0",,99.94391,
"LOLITOAA","G-7","M","2018-12","IDX","0",,99.77145,
"LOLITOAA","G-7","M","2019-01","IDX","0",,99.62855,
"LOLITOAA","G-7","M","2019-02","IDX","0",,99.51942,
"LOLITOAA","G-7","M","2019-03","IDX","0",,99.43372,
"LOLITOAA","G-7","M","2019-04","IDX","0",,99.34791,
"LOLITOAA","G-7","M","2019-05","IDX","0",,99.25326,
"LOLITOAA","G-7","M","2019-06","IDX","0",,99.14866,
"LOLITOAA","G-7","M","2019-07","IDX","0",,99.04498,
"LOLITOAA","G-7","M","2019-08","IDX","0",,98.95536,
"LOLITOAA","G-7","M","2019-09","IDX","0",,98.90009,
"LOLITOAA","G-7","M","2019-10","IDX","0",,98.87627,
"LOLITOAA","G-7","M","2019-11","IDX","0",,98.87109,
"LOLITOAA","G-7","M","2019-12","IDX","0",,98.86623,
"LOLITOAA","G-7","M","2020-01","IDX","0",,98.8443,
"LOLITOAA","G-7","M","2020-02","IDX","0",,98.7962,
"LOLITOAA","G-7","M","2020-03","IDX","0",,96.5838,
"LOLITOAA","G-7","M","2020-04","IDX","0",,92.02039,
"LOLITOAA","G-7","M","2020-05","IDX","0",,93.73388,
"LOLITOAA","G-7","M","2020-06","IDX","0",,96.19623,
"LOLITOAA","G-7","M","2020-07","IDX","0",,97.62666,
"LOLITOAA","G-7","M","2020-08","IDX","0",,98.16904,
"LOLITOAA","G-7","M","2020-09","IDX","0",,98.38755,
"LOLITOAA","G-7","M","2020-10","IDX","0",,98.60593,
"LOLITOAA","G-7","M","2020-11","IDX","0",,98.85996,
"LOLITOAA","G-7","M","2020-12","IDX","0",,99.25264,
"LOLITOAA","G-7","M","2021-01","IDX","0",,99.53814,
"LOLITOAA","G-7","M","2021-02","IDX","0",,99.89667,
"LOLITOAA","G-7","M","2021-03","IDX","0",,100.2709,
"LOLITOAA","G-7","M","2021-04","IDX","0",,100.5415,
"LOLITOAA","G-7","M","2021-05","IDX","0",,100.6932,
"LOLITOAA","G-7","M","2021-06","IDX","0",,100.7695,
"LOLITOAA","G-7","M","2021-07","IDX","0",,100.7654,
"LOLITOAA","G-7","M","2021-08","IDX","0",,100.6995,
"LOLITOAA","G-7","M","2021-09","IDX","0",,100.6128,
"LOLITOAA","G-7","M","2021-10","IDX","0",,100.524,
"LOLITOAA","G-7","M","2021-11","IDX","0",,100.4432,
"LOLITOAA","G-7","M","2021-12","IDX","0",,100.3677,
"LOLITOAA","G-7","M","2022-01","IDX","0",,100.2946,
"LOLITOAA","G-7","M","2022-02","IDX","0",,100.2271,
"LOLITOAA","G-7","M","2022-03","IDX","0",,100.1705,
"LOLITOAA","G-7","M","2022-04","IDX","0",,100.1361,
"LOLITOAA","OECD","M","2000-01","IDX","0",,101.6736,
"LOLITOAA","OECD","M","2000-02","IDX","0",,101.7239,
"LOLITOAA","OECD","M","2000-03","IDX","0",,101.7319,
"LOLITOAA","OECD","M","2000-04","IDX","0",,101.7008,
"LOLITOAA","OECD","M","2000-05","IDX","0",,101.6319,
"LOLITOAA","OECD","M","2000-06","IDX","0",,101.5321,
"LOLITOAA","OECD","M","2000-07","IDX","0",,101.4026,
"LOLITOAA","OECD","M","2000-08","IDX","0",,101.2391,
"LOLITOAA","OECD","M","2000-09","IDX","0",,101.0345,
"LOLITOAA","OECD","M","2000-10","IDX","0",,100.7814,
"LOLITOAA","OECD","M","2000-11","IDX","0",,100.4828,
"LOLITOAA","OECD","M","2000-12","IDX","0",,100.1485,
"LOLITOAA","OECD","M","2001-01","IDX","0",,99.81055,
"LOLITOAA","OECD","M","2001-02","IDX","0",,99.50636,
"LOLITOAA","OECD","M","2001-03","IDX","0",,99.25761,
"LOLITOAA","OECD","M","2001-04","IDX","0",,99.06808,
"LOLITOAA","OECD","M","2001-05","IDX","0",,98.92821,
"LOLITOAA","OECD","M","2001-06","IDX","0",,98.80254,
"LOLITOAA","OECD","M","2001-07","IDX","0",,98.68239,
"LOLITOAA","OECD","M","2001-08","IDX","0",,98.5725,
"LOLITOAA","OECD","M","2001-09","IDX","0",,98.49386,
"LOLITOAA","OECD","M","2001-10","IDX","0",,98.49303,
"LOLITOAA","OECD","M","2001-11","IDX","0",,98.59067,
"LOLITOAA","OECD","M","2001-12","IDX","0",,98.77155,
"LOLITOAA","OECD","M","2002-01","IDX","0",,98.9955,
"LOLITOAA","OECD","M","2002-02","IDX","0",,99.22294,
"LOLITOAA","OECD","M","2002-03","IDX","0",,99.409,
"LOLITOAA","OECD","M","2002-04","IDX","0",,99.50958,
"LOLITOAA","OECD","M","2002-05","IDX","0",,99.50816,
"LOLITOAA","OECD","M","2002-06","IDX","0",,99.41165,
"LOLITOAA","OECD","M","2002-07","IDX","0",,99.25548,
"LOLITOAA","OECD","M","2002-08","IDX","0",,99.08015,
"LOLITOAA","OECD","M","2002-09","IDX","0",,98.90648,
"LOLITOAA","OECD","M","2002-10","IDX","0",,98.75219,
"LOLITOAA","OECD","M","2002-11","IDX","0",,98.62283,
"LOLITOAA","OECD","M","2002-12","IDX","0",,98.50456,
"LOLITOAA","OECD","M","2003-01","IDX","0",,98.39281,
"LOLITOAA","OECD","M","2003-02","IDX","0",,98.30398,
"LOLITOAA","OECD","M","2003-03","IDX","0",,98.27084,
"LOLITOAA","OECD","M","2003-04","IDX","0",,98.32127,
"LOLITOAA","OECD","M","2003-05","IDX","0",,98.44934,
"LOLITOAA","OECD","M","2003-06","IDX","0",,98.64214,
"LOLITOAA","OECD","M","2003-07","IDX","0",,98.88302,
"LOLITOAA","OECD","M","2003-08","IDX","0",,99.15628,
"LOLITOAA","OECD","M","2003-09","IDX","0",,99.44775,
"LOLITOAA","OECD","M","2003-10","IDX","0",,99.73586,
"LOLITOAA","OECD","M","2003-11","IDX","0",,99.99445,
"LOLITOAA","OECD","M","2003-12","IDX","0",,100.2054,
"LOLITOAA","OECD","M","2004-01","IDX","0",,100.3622,
"LOLITOAA","OECD","M","2004-02","IDX","0",,100.4642,
"LOLITOAA","OECD","M","2004-03","IDX","0",,100.521,
"LOLITOAA","OECD","M","2004-04","IDX","0",,100.5393,
"LOLITOAA","OECD","M","2004-05","IDX","0",,100.5277,
"LOLITOAA","OECD","M","2004-06","IDX","0",,100.4958,
"LOLITOAA","OECD","M","2004-07","IDX","0",,100.4507,
"LOLITOAA","OECD","M","2004-08","IDX","0",,100.4023,
"LOLITOAA","OECD","M","2004-09","IDX","0",,100.3659,
"LOLITOAA","OECD","M","2004-10","IDX","0",,100.3438,
"LOLITOAA","OECD","M","2004-11","IDX","0",,100.331,
"LOLITOAA","OECD","M","2004-12","IDX","0",,100.311,
"LOLITOAA","OECD","M","2005-01","IDX","0",,100.2676,
"LOLITOAA","OECD","M","2005-02","IDX","0",,100.197,
"LOLITOAA","OECD","M","2005-03","IDX","0",,100.1132,
"LOLITOAA","OECD","M","2005-04","IDX","0",,100.0467,
"LOLITOAA","OECD","M","2005-05","IDX","0",,100.0221,
"LOLITOAA","OECD","M","2005-06","IDX","0",,100.0539,
"LOLITOAA","OECD","M","2005-07","IDX","0",,100.1328,
"LOLITOAA","OECD","M","2005-08","IDX","0",,100.2499,
"LOLITOAA","OECD","M","2005-09","IDX","0",,100.3999,
"LOLITOAA","OECD","M","2005-10","IDX","0",,100.5786,
"LOLITOAA","OECD","M","2005-11","IDX","0",,100.7728,
"LOLITOAA","OECD","M","2005-12","IDX","0",,100.958,
"LOLITOAA","OECD","M","2006-01","IDX","0",,101.1137,
"LOLITOAA","OECD","M","2006-02","IDX","0",,101.2322,
"LOLITOAA","OECD","M","2006-03","IDX","0",,101.3104,
"LOLITOAA","OECD","M","2006-04","IDX","0",,101.3502,
"LOLITOAA","OECD","M","2006-05","IDX","0",,101.3604,
"LOLITOAA","OECD","M","2006-06","IDX","0",,101.3641,
"LOLITOAA","OECD","M","2006-07","IDX","0",,101.382,
"LOLITOAA","OECD","M","2006-08","IDX","0",,101.4343,
"LOLITOAA","OECD","M","2006-09","IDX","0",,101.5257,
"LOLITOAA","OECD","M","2006-10","IDX","0",,101.6438,
"LOLITOAA","OECD","M","2006-11","IDX","0",,101.7752,
"LOLITOAA","OECD","M","2006-12","IDX","0",,101.9072,
"LOLITOAA","OECD","M","2007-01","IDX","0",,102.025,
"LOLITOAA","OECD","M","2007-02","IDX","0",,102.1284,
"LOLITOAA","OECD","M","2007-03","IDX","0",,102.2152,
"LOLITOAA","OECD","M","2007-04","IDX","0",,102.2829,
"LOLITOAA","OECD","M","2007-05","IDX","0",,102.3231,
"LOLITOAA","OECD","M","2007-06","IDX","0",,102.3274,
"LOLITOAA","OECD","M","2007-07","IDX","0",,102.2916,
"LOLITOAA","OECD","M","2007-08","IDX","0",,102.217,
"LOLITOAA","OECD","M","2007-09","IDX","0",,102.1215,
"LOLITOAA","OECD","M","2007-10","IDX","0",,102.013,
"LOLITOAA","OECD","M","2007-11","IDX","0",,101.8858,
"LOLITOAA","OECD","M","2007-12","IDX","0",,101.7425,
"LOLITOAA","OECD","M","2008-01","IDX","0",,101.5722,
"LOLITOAA","OECD","M","2008-02","IDX","0",,101.361,
"LOLITOAA","OECD","M","2008-03","IDX","0",,101.1037,
"LOLITOAA","OECD","M","2008-04","IDX","0",,100.7928,
"LOLITOAA","OECD","M","2008-05","IDX","0",,100.4055,
"LOLITOAA","OECD","M","2008-06","IDX","0",,99.91784,
"LOLITOAA","OECD","M","2008-07","IDX","0",,99.31675,
"LOLITOAA","OECD","M","2008-08","IDX","0",,98.60225,
"LOLITOAA","OECD","M","2008-09","IDX","0",,97.79266,
"LOLITOAA","OECD","M","2008-10","IDX","0",,96.94659,
"LOLITOAA","OECD","M","2008-11","IDX","0",,96.17227,
"LOLITOAA","OECD","M","2008-12","IDX","0",,95.56528,
"LOLITOAA","OECD","M","2009-01","IDX","0",,95.18444,
"LOLITOAA","OECD","M","2009-02","IDX","0",,95.0589,
"LOLITOAA","OECD","M","2009-03","IDX","0",,95.19203,
"LOLITOAA","OECD","M","2009-04","IDX","0",,95.55597,
"LOLITOAA","OECD","M","2009-05","IDX","0",,96.07903,
"LOLITOAA","OECD","M","2009-06","IDX","0",,96.68968,
"LOLITOAA","OECD","M","2009-07","IDX","0",,97.32549,
"LOLITOAA","OECD","M","2009-08","IDX","0",,97.94186,
"LOLITOAA","OECD","M","2009-09","IDX","0",,98.5062,
"LOLITOAA","OECD","M","2009-10","IDX","0",,98.99371,
"LOLITOAA","OECD","M","2009-11","IDX","0",,99.40078,
"LOLITOAA","OECD","M","2009-12","IDX","0",,99.73418,
"LOLITOAA","OECD","M","2010-01","IDX","0",,99.99854,
"LOLITOAA","OECD","M","2010-02","IDX","0",,100.1961,
"LOLITOAA","OECD","M","2010-03","IDX","0",,100.3378,
"LOLITOAA","OECD","M","2010-04","IDX","0",,100.4182,
"LOLITOAA","OECD","M","2010-05","IDX","0",,100.4436,
"LOLITOAA","OECD","M","2010-06","IDX","0",,100.4435,
"LOLITOAA","OECD","M","2010-07","IDX","0",,100.4551,
"LOLITOAA","OECD","M","2010-08","IDX","0",,100.5027,
"LOLITOAA","OECD","M","2010-09","IDX","0",,100.5857,
"LOLITOAA","OECD","M","2010-10","IDX","0",,100.6937,
"LOLITOAA","OECD","M","2010-11","IDX","0",,100.8184,
"LOLITOAA","OECD","M","2010-12","IDX","0",,100.9351,
"LOLITOAA","OECD","M","2011-01","IDX","0",,101.0173,
"LOLITOAA","OECD","M","2011-02","IDX","0",,101.0361,
"LOLITOAA","OECD","M","2011-03","IDX","0",,100.9776,
"LOLITOAA","OECD","M","2011-04","IDX","0",,100.8433,
"LOLITOAA","OECD","M","2011-05","IDX","0",,100.645,
"LOLITOAA","OECD","M","2011-06","IDX","0",,100.3997,
"LOLITOAA","OECD","M","2011-07","IDX","0",,100.1349,
"LOLITOAA","OECD","M","2011-08","IDX","0",,99.88567,
"LOLITOAA","OECD","M","2011-09","IDX","0",,99.69474,
"LOLITOAA","OECD","M","2011-10","IDX","0",,99.5888,
"LOLITOAA","OECD","M","2011-11","IDX","0",,99.56145,
"LOLITOAA","OECD","M","2011-12","IDX","0",,99.58615,
"LOLITOAA","OECD","M","2012-01","IDX","0",,99.62679,
"LOLITOAA","OECD","M","2012-02","IDX","0",,99.64983,
"LOLITOAA","OECD","M","2012-03","IDX","0",,99.63256,
"LOLITOAA","OECD","M","2012-04","IDX","0",,99.56918,
"LOLITOAA","OECD","M","2012-05","IDX","0",,99.47065,
"LOLITOAA","OECD","M","2012-06","IDX","0",,99.35806,
"LOLITOAA","OECD","M","2012-07","IDX","0",,99.25976,
"LOLITOAA","OECD","M","2012-08","IDX","0",,99.19272,
"LOLITOAA","OECD","M","2012-09","IDX","0",,99.16783,
"LOLITOAA","OECD","M","2012-10","IDX","0",,99.18239,
"LOLITOAA","OECD","M","2012-11","IDX","0",,99.2359,
"LOLITOAA","OECD","M","2012-12","IDX","0",,99.32664,
"LOLITOAA","OECD","M","2013-01","IDX","0",,99.44409,
"LOLITOAA","OECD","M","2013-02","IDX","0",,99.57555,
"LOLITOAA","OECD","M","2013-03","IDX","0",,99.70391,
"LOLITOAA","OECD","M","2013-04","IDX","0",,99.8295,
"LOLITOAA","OECD","M","2013-05","IDX","0",,99.95323,
"LOLITOAA","OECD","M","2013-06","IDX","0",,100.0717,
"LOLITOAA","OECD","M","2013-07","IDX","0",,100.1817,
"LOLITOAA","OECD","M","2013-08","IDX","0",,100.2843,
"LOLITOAA","OECD","M","2013-09","IDX","0",,100.3745,
"LOLITOAA","OECD","M","2013-10","IDX","0",,100.4464,
"LOLITOAA","OECD","M","2013-11","IDX","0",,100.5001,
"LOLITOAA","OECD","M","2013-12","IDX","0",,100.532,
"LOLITOAA","OECD","M","2014-01","IDX","0",,100.5486,
"LOLITOAA","OECD","M","2014-02","IDX","0",,100.563,
"LOLITOAA","OECD","M","2014-03","IDX","0",,100.5793,
"LOLITOAA","OECD","M","2014-04","IDX","0",,100.5835,
"LOLITOAA","OECD","M","2014-05","IDX","0",,100.5733,
"LOLITOAA","OECD","M","2014-06","IDX","0",,100.5533,
"LOLITOAA","OECD","M","2014-07","IDX","0",,100.5291,
"LOLITOAA","OECD","M","2014-08","IDX","0",,100.5069,
"LOLITOAA","OECD","M","2014-09","IDX","0",,100.4935,
"LOLITOAA","OECD","M","2014-10","IDX","0",,100.483,
"LOLITOAA","OECD","M","2014-11","IDX","0",,100.475,
"LOLITOAA","OECD","M","2014-12","IDX","0",,100.4684,
"LOLITOAA","OECD","M","2015-01","IDX","0",,100.4664,
"LOLITOAA","OECD","M","2015-02","IDX","0",,100.4659,
"LOLITOAA","OECD","M","2015-03","IDX","0",,100.4608,
"LOLITOAA","OECD","M","2015-04","IDX","0",,100.4419,
"LOLITOAA","OECD","M","2015-05","IDX","0",,100.3997,
"LOLITOAA","OECD","M","2015-06","IDX","0",,100.335,
"LOLITOAA","OECD","M","2015-07","IDX","0",,100.2464,
"LOLITOAA","OECD","M","2015-08","IDX","0",,100.1468,
"LOLITOAA","OECD","M","2015-09","IDX","0",,100.0513,
"LOLITOAA","OECD","M","2015-10","IDX","0",,99.96828,
"LOLITOAA","OECD","M","2015-11","IDX","0",,99.88866,
"LOLITOAA","OECD","M","2015-12","IDX","0",,99.8063,
"LOLITOAA","OECD","M","2016-01","IDX","0",,99.72888,
"LOLITOAA","OECD","M","2016-02","IDX","0",,99.66698,
"LOLITOAA","OECD","M","2016-03","IDX","0",,99.63447,
"LOLITOAA","OECD","M","2016-04","IDX","0",,99.62788,
"LOLITOAA","OECD","M","2016-05","IDX","0",,99.63448,
"LOLITOAA","OECD","M","2016-06","IDX","0",,99.65266,
"LOLITOAA","OECD","M","2016-07","IDX","0",,99.68742,
"LOLITOAA","OECD","M","2016-08","IDX","0",,99.74802,
"LOLITOAA","OECD","M","2016-09","IDX","0",,99.83862,
"LOLITOAA","OECD","M","2016-10","IDX","0",,99.95155,
"LOLITOAA","OECD","M","2016-11","IDX","0",,100.0719,
"LOLITOAA","OECD","M","2016-12","IDX","0",,100.1902,
"LOLITOAA","OECD","M","2017-01","IDX","0",,100.2957,
"LOLITOAA","OECD","M","2017-02","IDX","0",,100.3903,
"LOLITOAA","OECD","M","2017-03","IDX","0",,100.4761,
"LOLITOAA","OECD","M","2017-04","IDX","0",,100.5541,
"LOLITOAA","OECD","M","2017-05","IDX","0",,100.6283,
"LOLITOAA","OECD","M","2017-06","IDX","0",,100.7041,
"LOLITOAA","OECD","M","2017-07","IDX","0",,100.7796,
"LOLITOAA","OECD","M","2017-08","IDX","0",,100.8568,
"LOLITOAA","OECD","M","2017-09","IDX","0",,100.9298,
"LOLITOAA","OECD","M","2017-10","IDX","0",,100.989,
"LOLITOAA","OECD","M","2017-11","IDX","0",,101.0285,
"LOLITOAA","OECD","M","2017-12","IDX","0",,101.0468,
"LOLITOAA","OECD","M","2018-01","IDX","0",,101.0463,
"LOLITOAA","OECD","M","2018-02","IDX","0",,101.0274,
"LOLITOAA","OECD","M","2018-03","IDX","0",,100.982,
"LOLITOAA","OECD","M","2018-04","IDX","0",,100.911,
"LOLITOAA","OECD","M","2018-05","IDX","0",,100.8158,
"LOLITOAA","OECD","M","2018-06","IDX","0",,100.6959,
"LOLITOAA","OECD","M","2018-07","IDX","0",,100.5522,
"LOLITOAA","OECD","M","2018-08","IDX","0",,100.3892,
"LOLITOAA","OECD","M","2018-09","IDX","0",,100.2132,
"LOLITOAA","OECD","M","2018-10","IDX","0",,100.0359,
"LOLITOAA","OECD","M","2018-11","IDX","0",,99.87533,
"LOLITOAA","OECD","M","2018-12","IDX","0",,99.73869,
"LOLITOAA","OECD","M","2019-01","IDX","0",,99.63304,
"LOLITOAA","OECD","M","2019-02","IDX","0",,99.55444,
"LOLITOAA","OECD","M","2019-03","IDX","0",,99.4881,
"LOLITOAA","OECD","M","2019-04","IDX","0",,99.41211,
"LOLITOAA","OECD","M","2019-05","IDX","0",,99.31998,
"LOLITOAA","OECD","M","2019-06","IDX","0",,99.21732,
"LOLITOAA","OECD","M","2019-07","IDX","0",,99.11796,
"LOLITOAA","OECD","M","2019-08","IDX","0",,99.03823,
"LOLITOAA","OECD","M","2019-09","IDX","0",,98.99163,
"LOLITOAA","OECD","M","2019-10","IDX","0",,98.97514,
"LOLITOAA","OECD","M","2019-11","IDX","0",,98.97366,
"LOLITOAA","OECD","M","2019-12","IDX","0",,98.96519,
"LOLITOAA","OECD","M","2020-01","IDX","0",,98.93094,
"LOLITOAA","OECD","M","2020-02","IDX","0",,98.86399,
"LOLITOAA","OECD","M","2020-03","IDX","0",,96.66122,
"LOLITOAA","OECD","M","2020-04","IDX","0",,91.37724,
"LOLITOAA","OECD","M","2020-05","IDX","0",,93.34251,
"LOLITOAA","OECD","M","2020-06","IDX","0",,96.13468,
"LOLITOAA","OECD","M","2020-07","IDX","0",,97.49409,
"LOLITOAA","OECD","M","2020-08","IDX","0",,98.05638,
"LOLITOAA","OECD","M","2020-09","IDX","0",,98.27624,
"LOLITOAA","OECD","M","2020-10","IDX","0",,98.53413,
"LOLITOAA","OECD","M","2020-11","IDX","0",,98.86278,
"LOLITOAA","OECD","M","2020-12","IDX","0",,99.26824,
"LOLITOAA","OECD","M","2021-01","IDX","0",,99.55679,
"LOLITOAA","OECD","M","2021-02","IDX","0",,99.89517,
"LOLITOAA","OECD","M","2021-03","IDX","0",,100.2661,
"LOLITOAA","OECD","M","2021-04","IDX","0",,100.5554,
"LOLITOAA","OECD","M","2021-05","IDX","0",,100.7379,
"LOLITOAA","OECD","M","2021-06","IDX","0",,100.8432,
"LOLITOAA","OECD","M","2021-07","IDX","0",,100.873,
"LOLITOAA","OECD","M","2021-08","IDX","0",,100.8366,
"LOLITOAA","OECD","M","2021-09","IDX","0",,100.7667,
"LOLITOAA","OECD","M","2021-10","IDX","0",,100.6806,
"LOLITOAA","OECD","M","2021-11","IDX","0",,100.5891,
"LOLITOAA","OECD","M","2021-12","IDX","0",,100.4971,
"LOLITOAA","OECD","M","2022-01","IDX","0",,100.4058,
"LOLITOAA","OECD","M","2022-02","IDX","0",,100.3172,
"LOLITOAA","OECD","M","2022-03","IDX","0",,100.2351,
"LOLITOAA","OECD","M","2022-04","IDX","0",,100.1643,
